"Name","Designation","Score","InMail Subject","InMail Body"
"Heather Murphy","Heather Murphy Real Estate Group | Luxury Real Estate Expert","Hot","The 5% margin bleed in Savannah luxury escrows","Hi Heather,
Selling high-end property in Greater Savannah for two decades means you know exactly where the bottlenecks are. The reality for top luxury groups is that manual escrow tracking and scattered vendor invoices quietly eat up to 5% of your EBITA across those extended 60-day close cycles. 

ZetaFin is an Enterprise AI CFO designed to fundamentally fix this. Here is the exact value we deliver to your brokerage:
- We bypass manual Excel work entirely. Our core engine connects to your Georgian accounts and achieves deterministic reconciliation in 10-milliseconds flat. 
- We violently defend your commission pipeline. If a closing is delayed or a marketing vendor is overpaid by a single day, the system throws a red flag.
- We give you runway clarity. The AI calculates your exact operational cash survival in strict weeks.

If we cannot prove this ROI to your group within a 30-day window, we completely walk away. Interested in a brief 3-minute demo?"
"Rachel Wellbelove","Founder FlexHomes - Property Investor","Hot","Fixing unstructured vendor payables at FlexHomes","Rachel—scaling FlexHomes across the North East and managing children's care facilities requires absolute financial order. But the truth is, managing short-stay accommodations and joint ventures often brings a massive operational drag. Unstructured contractor payables and the chaos of tenant void-periods easily bleed thousands in revenue annually.

To solve this, we engineered ZetaFin. It is an Enterprise Financial OS built to bring military-level order to property portfolios. How we impact your bottom line:

1) Instant Ledger Clarity: We ingest your massive banking logs and execute 10-millisecond reconciliation, saving your team 20+ hours of agonizing accounting every month.
2) Strict Portfolio Governance: Every tenant lease and contractor payable is monitored. A missed rent payment? The dashboard flags it immediately.
3) Dynamic Burn Forecasting: By analyzing your joint venture splits and heavy maintenance OpEx, our AI dynamically projects your exact cash runway in weeks.

I am absolutely confident we can secure your margins. If we fall short in 30 days, we failed. Open to an introductory call?"
"Phillipa Burgin MSc MRICS","Surveyor, Founder at The Surveyor's Surveyor","Hot","Eliminating scope-creep in your specialized consultancy","Phillipa,
As the founder of a leading surveying consultancy, your expertise is the product. Yet, delivering specialized retrofit consulting often comes with a silent profit killer: unbilled scope-creep and delayed refurbishment milestones. These manual accounting logjams quietly cost surveyed firms thousands of pounds.

ZetaFin exists to violently defend those consulting margins. We are an AI Virtual CFO built to replace the back-office blindfold with total control.

Our core deliverables to The Surveyor's Surveyor:
* Zero-Lag Accounting: Our system executes complex ledger reconciliation in exactly 10 milliseconds, wiping out administrative drag completely.
* Ruthless Milestone Tracking: We monitor all your client deliverables. If a phase payment is late, our AI instantly highlights the leak.
* AI Runway Modeling: Predict cash flow constraints before they happen with exact survival runways calculated in weeks.

If we don't deliver absolute visibility over your consultancy's finances in 30 days, we're out. Are you open to a 3-minute chat?"
"Vince Vavrunek","Faith-Centered Advisor | Business Broker","Hot","Stop disjointed books from ruining M&A exit multiples","Vince — having built and successfully exited SERVPRO, you know exactly what kills a deal. When advising SMB sellers, disorganized books and disjointed cash-flow tracking destroy exit valuations. Millions are left on the table during due diligence.

ZetaFin was built to clean up that exact M&A bottleneck. Our Enterprise Financial OS brings military-grade audit readiness directly to your clients. 

We instantly parse complex bank ledgers in 10 milliseconds, presenting a flawlessly scaled accounting dashboard to buyers. Furthermore, our strict AP/AR governance captures 100% of revenue, proving exact EBITDA margins without the usual Excel guesswork. The built-in AI dynamically maps out cash runway in weeks, proving operational health to venture capital and buyers.

Imagine handing an acquirer a perfectly governed financial OS. If we can't boost your clients' valuation metrics within 30 days, we walk. Worth exploring?"
"Chris Morley","Founder & CEO of Bien Realty","Hot","Securing your Fortune 500 relocation margins","Chris, managing boutique NYC corporate relocations for Google and Fortune 500s requires incredible operational speed. But that speed hides a brutal cost: boutique real estate firms often bleed 1-5% of revenue annually simply due to delayed invoicing and unbilled corporate milestones.

ZetaFin is an Enterprise AI CFO built specifically to strip away these operational blindspots for fast-moving brokerages. 

Instead of waiting on manual data-entry, our engine ingests high-volume real estate ledgers and reconciles them in 10-milliseconds flat. We aggressively track every corporate relocation milestone—if a massive vendor slips by a day, the dashboard raises an immediate flag. Beyond that, our AI explicitly calculates your operational survival runway in weeks, providing the absolute financial clarity a CEO needs to scale safely.

If we don't bring immediate, flawless financial command to Bien Realty within 30 days, we failed. Can we schedule a brief demo?"
"Theresa Mueller, MS, CIPS, CCIM","CEO of Trelleum Real Estate","Hot","Reconciling complex international deals in 10ms","Theresa, 
Negotiating global real estate deals is a high-stakes game. Unfortunately, operating internationally often creates a massive back-office drag, where brokerages quietly lose thousands in revenue due to scattered cross-border vendor payouts and delayed high-ticket escrows.

ZetaFin is an Enterprise Financial OS designed to aggressively protect those international margins. 

Here is what Trelleum gains immediately:
>> Deterministic Reconciliation: We connect to your firm’s ledgers, reconciling global property transactions in precisely 10 milliseconds. Dead-end Excel tracking is eliminated.
>> Complete Ledger Defense: We fiercely monitor your AR/AP. If a client deposit is delayed by even a day, our system flags the revenue gap immediately.
>> Dynamic Cash Forecasting: Powered by our AI, you will know your exact operational runway on the fly, with military-grade financial visibility.

If we cannot fully secure your global back-office within 30 days, we walk away. Are you open to a brief introduction?"
"Christine Johnson","CEO of Ingenii / Advancing Life Sciences","Hot","Accurate cash runway forecasting for Ingenii’s R&D","Christine — pioneering Quantum Machine Learning in life sciences demands massive capital expenditures. For deep-tech startups scaling rapidly, a lack of programmatic financial governance creates severe capital leakage. Unstructured R&D spend and complex infrastructure costs can burn through investor funding prematurely.

ZetaFin is built to halt this. We are an Enterprise Financial OS and Virtual CFO engineered specifically for rapid tech scaling. 

How Ingenii benefits:
+ Light-Speed Reconciliation: We parse your complex banking ledgers instantly, saving your lean team 20+ hours of vital operational time per month.
+ Strict AWS/Tech Governance: We aggressively track complex API payloads and infrastructure payables so Ingenii never overextends on hardware costs.
+ Audit-Ready Runway: Our Gemini AI dynamically calculates your exact cash runway in weeks, providing the absolute compliance your high-end investors demand.

If we can't map your exact cash burn rate flawlessly in 30 days, we failed. Can we schedule a 3-minute demo?"
"Dave White","Founder & CIO, Wayfinder Advisors","Hot","Automating the back-office for elite investment consulting","Dave, when guiding GP advisory services and complex portfolios, your analytical time is your most valuable asset. Scaling an advisory firm, however, inevitably leads to unbilled retainer milestones and manual cash-flow logjams that quietly consume up to 5% of your annual margins. 

ZetaFin is an Enterprise Financial OS meant to automate that consulting governance entirely. By ingesting Wayfinder’s bank statements and executing 10-millisecond deterministic reconciliation, we wipe out administrative accounting lag. The platform continuously monitors your consulting deliverables, ensuring that if an advisory invoice is delayed, ZetaFin flags it so you never lose a cent. Additionally, our AI precisely calculates your exact operational runway dynamically.

This frees you to focus entirely on investment strategy rather than back-office tracking. If we can't bring 100% financial clarity to your firm in 30-days, we walk away. Open to an intro call?"
"Laurie ""Trumpet"" Williams","Brand & Marketing Strategist | Fractional CMO","Hot","The silent 5% cost of scope-creep in brand strategy","Laurie, clarifying brand growth as a Fractional CMO across AI and Legal sectors often masks a massive hidden cost: unbilled scope creep. Scaling elite marketing expertise almost always leads to a 5% revenue leak simply because delayed retainer milestones and extra revisions aren't tracked systematically.

ZetaFin is an Enterprise Financial OS and Virtual AI CFO engineered to lock down those exact margins. 

[✔] 10-MILLISECOND RECONCILIATION: The software instantly reconciles massive banking ledgers, effectively eliminating up to 20 hours of manual bookkeeping per month.
[✔] STRICT CONTRACT GOVERNANCE: We aggressively track your CMO retainers and vendor payables. If a milestone slips by 24 hours, the system throws a red flag.
[✔] EXACT SURVIVAL RUNWAY: The underlying AI continuously monitors your cash flow, projecting your operational runway in exact weeks instead of vague months.

If we can't bring complete command to your back-office within 30 days, we've failed. Are you open to a brief look?"
"Katalin Bártfai-Walcott","CTO & Founder, Synovient","Hot","Capital governance for Data Sovereignty platforms","Katalin — securing 120+ patents and scaling a Data Sovereignty pioneer like Synovient requires relentless technical focus. But scaling enterprise infrastructure usually guarantees massive capital bleed through unbilled milestones and unstructured tech-vendor payables. Cash burn is the silent killer for deep-tech.

We built ZetaFin to prevent this. It’s an Enterprise Financial OS to give tech founders 100% control over their spend. 

The ROI for Synovient is immediate: The core engine parses complex banking ledgers deterministically in 10-milliseconds, providing true real-time visibility. It handles your AP/AR securely—flagging any overdue cloud architecture bills or client payloads instantly with zero errors. Furthermore, our Gemini AI aggressively computes your exact cash survival runway in weeks, guaranteeing the strict audit-readiness you need.

If we don't deliver actionable, military-grade visibility within 30 days, the product is not for you. Open to a 3-minute demo?"
"Mark Furiate","Technology Executive | CEO & CTO | Nextech","Hot","Eliminating the physical engineering operational gap","Mark,
Bridging physical engineering with massive digital ecosystems requires monumental capital. The silent killer for a $750M trajectory is the back-office—complex tech operations uniquely bleed 1-5% of their revenue via unbilled IP development milestones and disjointed hardware vendor spend.

This is why we built ZetaFin. We are an Enterprise Financial OS and Virtual AI CFO that strips away this operational gap entirely. 

Our deterministic parsers ingest your massive banking logs and reconcile every complicated transaction instantly, crushing 20+ hours of manual data routing. We explicitly track your engineering deliverables—if a massive client contract payment slips, the dashboard alerts you. And crucially, the AI tracks your exact operational margin and cash survival runway on the fly, built for massive enterprise scale.

If we can't secure your exact cash burn rate in 30 days, we've failed. Are you open to a fast demo?"
"Thanos Papasavvas, CFA","Founder & CIO at ABP Invest Ltd.","Hot","Securing ABP Invest's operational cash flow","Thanos,
Providing high-stakes geopolitical research and macroeconomic outlooks demands absolute focus. Unfortunately, managing the internal operations of a top-tier advisory firm typically creates a financial bottleneck, where unbilled research deliverables quietly eat away at your EBITA.

ZetaFin is an Enterprise Financial OS custom-built to eliminate that exact bottleneck for high-ticket advisory scale. 

How we impact ABP Invest:
Step 1: Instant Ledger Reconciliation. We connect directly to your firm’s bank statements to drive flawless reconciliation in 10-milliseconds, wiping out tedious Excel tracking.
Step 2: Strict Retainer Governance. The platform aggressively monitors your macro-advisory milestones. If a client invoice is delayed, you are alerted within seconds.
Step 3: Exact Runway Forecasting. The built-in AI tracks your internal operational cash flow and predicts your exact survival runway down to the week.

If ZetaFin doesn't deliver total financial command in 30 days, we walk away. Open to a brief visual tour?"
"Will Schmahl","Founder & CTO — HousMthr","Hot","Tracking the exact API burn rate of HousMthr","Will — executing an AI travel logistics platform means navigating massive upfront infrastructure costs. For early-stage founders, the brutal truth is that chunks of runway get obliterated by unmanaged API costs, delayed B2B client payments, and hidden AP blindspots. 

We built ZetaFin to give scaling tech founders absolute runway clarity. We deliver an Enterprise-Grade Financial OS with immediate ROI. 

The software processes massive platform banking ledgers accurately and deterministically in 10ms, eradicating vital accounting busywork. It strictly guards your Accounts Payable; if an underlying tech-vendor invoice or API cost is anomalous, it auto-flags instantly. Finally, the AI predicts your exact cash survival rate down to the week, delivering a pristine financial picture for future capital raises.

If we can't give HousMthr 100% financial confidence within 30 days, we failed. Worth a 3-minute demo?"
"Sergio Berisso","CEO - CTO presso CarBrain Technologies","Hot","Stopping 5% pipeline leakage in open-source tech","Sergio, driving open-source technology and navigating the blockchain ecosystem requires immense technical precision. But managing the daily operational cash flow of a scaling tech company is a messy liability. Founders routinely bleed 5% of their margins simply because complex vendor payables and milestone billing get overlooked.

ZetaFin was engineered to eliminate this operational debt. We are an Enterprise Financial OS built for deterministic tech founders. 

Our engine ingests your banking logs, reconciling every transaction in 10 milliseconds—far surpassing manual Excel limits. We comprehensively track B2B engineering endpoints. If a client invoice slips by a single day, the AR dashboard raises a red flag. Powered by a massive AI LLM, the system calculates your exact operational cash runway dynamically in weeks, not vague quarters.

If ZetaFin doesn't grant you immediate visibility within 30 days, it’s not for you. Open to a brief look?"
"J. Ryan Parks","Founder @ Alternis LLC | Omni Channel Growth Strategist","Hot","Protecting Omni-Channel margins from CPG vendor bleed","Ryan,
Scaling aggressive retail strategies into Walmart and Sam’s Club means managing hundreds of complex vendor payables and logistics deliverables. High-volume strategies quietly bleed up to 5% of their margins precisely due to disjointed client billing and unstructured CPG broker fees.

We engineered ZetaFin to automate retail execution chaos. 

Our platform connects directly to your ledgers and reconciles thousands of messy omnichannel transactions in 10 milliseconds, practically saving 20+ hours a month. We violently govern your retail execution milestones so that if a massive brand contract is late, the dashboard flags it securely. And our AI calculates your exact operational runway in weeks, giving Alternis the cash-flow visibility required to expand.

If ZetaFin doesn't give you 100% immediate visibility in 30 days, we failed. Let's schedule a 3-minute demo."
"Douglas Perednia","Founder and President at DoCurious, Inc.","Hot","Predicting DoCurious' health systems cash runway","Douglas — driving massive health and social-economic system improvements requires your undivided focus. However, wading through the back-office administration of a growing medical enterprise is a severe drain on resources. Unbilled operational milestones and complex vendor setups quietly bleed valuable scaling capital.

ZetaFin is an Enterprise AI CFO designed to centralize aggressive financial governance, so you can focus on the mission. 

+ 10-ms Sync: The software ingests your banking statements and reconciles every clinical or vendor transaction securely in just 10 milliseconds.
+ Audit-Grade AP/AR: It explicitly tracks all payables simultaneously. If an operational invoice is overdue, the system flags it with military-grade logging.
+ AI Forecasting: The built-in AI strictly calculates your exact cash survival runway in weeks, giving you total peace of mind.

If ZetaFin doesn't provide absolute operational command in 30 days, we walk. Are you open to a 3-minute look?"
"Marianne Wyne","Founder and Chief Operating Officer of ThePivot.Earth","Hot","Reconciling regenerative logistics margins in 10ms","Marianne, applying Six Sigma to resilient global food operations requires logistical perfection. Yet, the financial administration of scaling supply chains is often a manual nightmare. Founders routinely bleed vital operating capital simply through unbilled milestones and unstructured vendor payouts.

ZetaFin is an Enterprise Financial OS engineered for complete operational visibility—the ultimate financial process optimization.

The software ingests your complex ledgers and deterministically reconciles them in 10-milliseconds flat, bypassing hours of manual tracking. It continuously monitors every vendor payable. If a logistics invoice or Accounts Receivable slips by 24 hours, the system violently flags the revenue leak. The Gemini-powered AI maps your exact cash survival runway on the fly, providing the perfect systems transition you aim for.

If we can't secure ThePivot.Earth's back-office within the first 30 days, we failed entirely. Open to a quick intro?"
"Brenda El-Ghazzawy","Founder, Luxxe Homes & Luxxe Travel","Hot","Capping the margin leak in luxury travel experiences","Brenda, curating elevated lifestyle, travel, and real estate experiences across the globe creates an incredibly complex financial pipeline. The operational reality is that elite brokers routinely lose thousands in revenue due to delayed high-ticket escrows and massively scattered international travel-vendor payouts. 

ZetaFin is an Enterprise Virtual CFO designed to instantly halt this cash leakage and protect top-tier operational governance. 

By ingesting your banking logs, our platform reconciles every complex travel or real-estate transaction in exactly 10 milliseconds. We strictly map your global vendor payouts against incoming escrow milestones, alerting you instantly if a massive payment slips. Our predictive AI calculates your exact operational runway dynamically in weeks, providing the absolute clarity needed to scale Luxxe globally.

If the product doesn't give you 100% financial clarity in 30 days, it’s not for you. Open to a 3-minute demo?"
"Shane McGrady","Founder: EV Charging Access","Hot","Governing scaling capital in your EV infrastructure rollout","Shane, 
Building massive, cap-heavy EV infrastructure demands absolute adherence to cash burn. For hardware founders, navigating complex supply-chain vendor payables and unbilled client installation milestones creates an operational blindfold that burns through funding far faster than anticipated.

We built ZetaFin as a strictly customized Virtual AI CFO for capital governance. 

IMPACT 1: The software maps to your statements and reconciles massive transaction ledgers instantly, erasing 20+ hours of manual data entry per month.
IMPACT 2: The platform explicitly tracks every hardware vendor and charging station milestone. If a client defaults by a day, it auto-flags.
IMPACT 3: The AI continuously measures your exact cash survival runway down to the week, proving your structural efficiency to future investors.

If ZetaFin doesn't deliver absolute command over your burn rate in 30 days, we’re out. Open to a 3-minute demo?"
"Josh Fellus, CPA","CFO/Senior Associate Partner","weak","",""
"Elliot Smith","Pro Golf | Partnerships & Sponsorships","weak","",""
"Jennifer Ruspini,Broker,CDPE,CCPIA","Real Estate Asset Resolution | REO","weak","",""
"Cesar de la Cerda","I help business owners and executives implement business, tax and investment strategies","weak","",""
"Mike Orr","Energy Technology Executive","weak","",""
"Tsola Sagay FCCA","Fractional CFO for Funded Tech & SaaS Founders","weak","",""
"Jeff Goold","MAcc Candidate | Founder, Element Ledger","weak","",""
"Karen Drennan CPA","Boundless Devices Inc.","weak","",""
"Troy Eckhardt, PhD, EA","I train church bookkeepers","weak","",""
"Kacey Wilcoxson","CFO/Controller","weak","",""
"Bill Jacobs","Integral Ecologist | Conservation Career Coach","weak","",""
"Mark S.","Helping Small & Midsize Businesses Scale with Lead-Gen Websites","weak","",""
"Luz A. Herrera","Strategic judgment in AI and automation","weak","",""
"John McAleer","Entrepreneur | Creator in Tech","weak","",""
"Michael Elie","Financial Professional","weak","",""
"Alfy Louis","On a mission to create digital trust","weak","",""
"Marc Sattva Noblitt, PhD","Holistic Doctor, PhD Psychologist.","weak","",""
"Alejandro H. Garza Salazar","Portfolio manager","weak","",""
"Tony Peterson","We Empower Manufacturers & Distributors to Increase Margins","weak","",""
"Jeremy Britton","Founder at Boston Trading Co","weak","",""
"Carl Goossen, MBA","Fractional CFO at Emerald Business Services LLC","weak","",""
"Gary Lu, CPA","CFO | Finance AI Technologist","weak","",""
"Dyron Bush","CEO – Theogony Financial","weak","",""
"Stuart Bernstein","Helping Startups Start Up & Businesses Scale","weak","",""
"Erich Heneke, PhD","Personal Finance Strategist","weak","",""
"Chris Badger, CPA","Director of CFO Solutions at Haynie CPAs","weak","",""
"Randall Turner","Cash Flow Expert","weak","",""
"Prem S.","Fractional CFO","weak","",""
"Nigel HAWLEY","Chief Financial Officer","weak","",""
